topic,subject,relation,object,question,output_gemma_1.1_2b_it,eval_gemma_1.1_2b_it,multiple_choices,paraphrased_question,yes_question,no_question,locality_question,reversed_relation_question,multiple_choice_with_letters,multiple_choice_labels,question_2hop,answer_2hop,question_3hop,answer_3hop,question_4hop,answer_4hop,question_5hop,answer_5hop,question_6hop,answer_6hop
health_medication,antibiotic,has characteristic,antibiotic resistance,What does antibiotic have characteristic?,"Antibiotics possess antibacterial properties, enabling them to combat and destroy harmful bacteria",0.0,"['antibiotic resistance', 'Antibiotics possess antibacterial properties, enabling them to combat and destroy harmful bacteria', 'antiviral properties', 'anti-inflammatory effects']",What characteristic does an antibiotic have?,Does an antibiotic have the characteristic of antibiotic resistance?,"Does an antibiotic have the characteristic of possessing antibacterial properties, enabling them to combat and destroy harmful bacteria?",What is a common use of antibiotics?,What has the characteristic of antibiotic resistance?,"A. Antibiotics possess antibacterial properties, enabling them to combat and destroy harmful bacteria  B. anti-inflammatory effects  C. antibiotic resistance  D. antiviral properties",C,What is a common cause of the characteristic that antibiotic has?,Overuse of antibiotics,What is a common illness that can result from the cause of the characteristic that antibiotic has?,Clostridium difficile infection,What is a common treatment for the illness that can result from the cause of the characteristic that antibiotic has?,Metronidazole,What is a common side effect of the treatment for the illness that can result from the cause of the characteristic that antibiotic has?,Nausea,What is a common remedy for the side effect of the treatment for the illness that can result from the cause of the characteristic that antibiotic has?,Ginger tea
health_medication,botulinum toxin type A,subject has role,acetylcholine release inhibitors,What is the subject has role of botulinum toxin type A?,Botulinum toxin type A is responsible for muscle paralysis,0.0,"['acetylcholine release inhibitors', 'Botulinum toxin type A is responsible for muscle paralysis', 'neurotoxin', 'cosmetic treatment']",What role does botulinum toxin type A play?,Is the role of botulinum toxin type A acetylcholine release inhibitors?,Is the role of botulinum toxin type A responsible for muscle paralysis?,What is a common medical use of botulinum toxin type A?,What substance acts as an acetylcholine release inhibitor?,A. cosmetic treatment  B. acetylcholine release inhibitors  C. Botulinum toxin type A is responsible for muscle paralysis  D. neurotoxin,B,What is the primary medical use of the acetylcholine release inhibitors that the botulinum toxin type A has a role in?,Treatment of muscle spasms,Which condition is commonly treated with the primary medical use of the acetylcholine release inhibitors that the botulinum toxin type A has a role in?,Cervical dystonia,Which muscle group is affected by the condition commonly treated with the primary medical use of the acetylcholine release inhibitors that the botulinum toxin type A has a role in?,Neck muscles,Which nerve is primarily involved in the muscle group affected by the condition commonly treated with the primary medical use of the acetylcholine release inhibitors that the botulinum toxin type A has a role in?,Accessory nerve,Which cranial nerve number corresponds to the nerve primarily involved in the muscle group affected by the condition commonly treated with the primary medical use of the acetylcholine release inhibitors that the botulinum toxin type A has a role in?,Cranial nerve XI
health_medication,corticotropin,encoded by,POMC,What was corticotropin encoded by?,Corticotropin is encoded by the pituitary gland,0.0,"['POMC', 'Corticotropin is encoded by the pituitary gland', 'ACTH', 'CRH']",Which gene encodes corticotropin?,Is corticotropin encoded by POMC?,Is corticotropin encoded by the pituitary gland?,What is the primary function of corticotropin?,What does POMC encode?,A. CRH  B. POMC  C. Corticotropin is encoded by the pituitary gland  D. ACTH,B,What is the function of the gene that corticotropin is encoded by?,"It encodes a precursor protein that is cleaved to produce several peptides, including ACTH and MSH.",Which hormone is produced by the precursor protein encoded by the gene that corticotropin is encoded by?,Adrenocorticotropic hormone (ACTH),Which gland secretes the hormone produced by the precursor protein encoded by the gene that corticotropin is encoded by?,Pituitary gland,Which part of the brain regulates the gland that secretes the hormone produced by the precursor protein encoded by the gene that corticotropin is encoded by?,Hypothalamus,Which system in the body includes the part of the brain that regulates the gland that secretes the hormone produced by the precursor protein encoded by the gene that corticotropin is encoded by?,Endocrine system
health_medication,corticotropin,subject has role,hormone,What is the subject has role of corticotropin?,Corticotropin regulates the release of adrenocorticoids from the adrenal cortex,0.0,"['hormone', 'Corticotropin regulates the release of adrenocorticoids from the adrenal cortex', 'enzyme', 'neurotransmitter']",What role does corticotropin play?,Is the subject has role of corticotropin a hormone?,Is the subject has role of corticotropin that it regulates the release of adrenocorticoids from the adrenal cortex?,What gland is corticotropin associated with?,What is the role of the hormone in relation to corticotropin?,A. enzyme  B. hormone  C. Corticotropin regulates the release of adrenocorticoids from the adrenal cortex  D. neurotransmitter,B,What is the function of the hormone that is the subject has role of corticotropin?,Stimulates the adrenal cortex to secrete glucocorticoids,Which gland secretes the hormone that stimulates the adrenal cortex to secrete glucocorticoids and is the subject has role of corticotropin?,Pituitary gland,Where is the gland located that secretes the hormone that stimulates the adrenal cortex to secrete glucocorticoids and is the subject has role of corticotropin?,Base of the brain,Which part of the brain is the base of the brain where the gland is located that secretes the hormone that stimulates the adrenal cortex to secrete glucocorticoids and is the subject has role of corticotropin?,Hypothalamus,What is the primary function of the part of the brain where the gland is located that secretes the hormone that stimulates the adrenal cortex to secrete glucocorticoids and is the subject has role of corticotropin?,"Regulates body temperature, hunger, and thirst"
health_medication,immunoglobulin G,subject has role,immunologic factor,What is the subject has role of immunoglobulin G?,Immunoglobulin G helps neutralize and eliminate viral and bacterial antigens,0.0,"['immunologic factor', 'Immunoglobulin G helps neutralize and eliminate viral and bacterial antigens', 'antibody', 'immune response']",What role does immunoglobulin G play?,Is the subject has role of immunoglobulin G an immunologic factor?,Is the subject has role of immunoglobulin G to help neutralize and eliminate viral and bacterial antigens?,What type of protein is immunoglobulin G?,What is the role of the immunologic factor in relation to immunoglobulin G?,A. Immunoglobulin G helps neutralize and eliminate viral and bacterial antigens  B. immune response  C. immunologic factor  D. antibody,C,What is the function of the immunologic factor that is the subject has role of immunoglobulin G?,It plays a crucial role in the immune response by identifying and neutralizing pathogens such as bacteria and viruses.,Which cells produce the immunologic factor that is the subject has role of immunoglobulin G?,B cells,Where in the body are the cells located that produce the immunologic factor that is the subject has role of immunoglobulin G?,Bone marrow,Which organ system includes the bone marrow where the cells are located that produce the immunologic factor that is the subject has role of immunoglobulin G?,Skeletal system,Which other major organ system works closely with the skeletal system that includes the bone marrow where the cells are located that produce the immunologic factor that is the subject has role of immunoglobulin G?,Circulatory system
health_medication,Serpin family A member 1,molecular function,protein binding,What is the molecular function of Serpin family A member 1?,Serpin family A member 1 is involved in blood coagulation and proteinase inhibition,0.0,"['protein binding', 'Serpin family A member 1 is involved in blood coagulation and proteinase inhibition', 'enzyme regulation', 'cell signaling']",What role does Serpin family A member 1 play at the molecular level?,Is the molecular function of Serpin family A member 1 protein binding?,Is the molecular function of Serpin family A member 1 blood coagulation and proteinase inhibition?,What family does Serpin family A member 1 belong to?,Which protein has the molecular function of protein binding?,A. enzyme regulation  B. Serpin family A member 1 is involved in blood coagulation and proteinase inhibition  C. cell signaling  D. protein binding,D,Which protein does the Serpin family A member 1 bind to?,Elastase,What is the primary function of the protein that Serpin family A member 1 binds to?,Breaks down elastin,In which organ is the protein that Serpin family A member 1 binds to primarily active?,Lungs,What disease is associated with the malfunction of the organ where the protein that Serpin family A member 1 binds to is primarily active?,Chronic obstructive pulmonary disease (COPD),What is a common symptom of the disease associated with the malfunction of the organ where the protein that Serpin family A member 1 binds to is primarily active?,Shortness of breath
health_medication,Serpin family A member 1,subject has role,Trypsin inhibitor,What is the subject has role of Serpin family A member 1?,Serpin family A member 1 plays a role in blood coagulation by regulating the,0.0,"['Trypsin inhibitor', 'Serpin family A member 1 plays a role in blood coagulation by regulating the', 'Protease inhibitor', 'Enzyme regulator']",What role does Serpin family A member 1 play?,Does Serpin family A member 1 have the role of Trypsin inhibitor?,Does Serpin family A member 1 play a role in blood coagulation by regulating the?,What is a well-known function of the Serpin family?,What is the role of Trypsin inhibitor in relation to Serpin family A member 1?,A. Serpin family A member 1 plays a role in blood coagulation by regulating the  B. Enzyme regulator  C. Protease inhibitor  D. Trypsin inhibitor,D,"What is the function of the Trypsin inhibitor, which is the subject has role of Serpin family A member 1?",Inhibits the activity of trypsin,"Which organ produces trypsin, the enzyme inhibited by the Trypsin inhibitor, which is the subject has role of Serpin family A member 1?",Pancreas,"What is the primary function of the pancreas, which produces trypsin, the enzyme inhibited by the Trypsin inhibitor, which is the subject has role of Serpin family A member 1?",Produces digestive enzymes and hormones,"Which hormone is produced by the pancreas, which also produces trypsin, the enzyme inhibited by the Trypsin inhibitor, which is the subject has role of Serpin family A member 1?",Insulin,"What is the primary function of insulin, the hormone produced by the pancreas, which also produces trypsin, the enzyme inhibited by the Trypsin inhibitor, which is the subject has role of Serpin family A member 1?",Regulates blood glucose levels
health_medication,aviptadil,has part(s),vasoactive intestinal peptide,What does aviptadil have part(s )?,Aviptadil has the part of a selective serotonin reuptake inhibitor (,0.0,"['vasoactive intestinal peptide', 'Aviptadil has the part of a selective serotonin reuptake inhibitor (', 'dopamine receptor agonist', 'beta-adrenergic blocker']",What component does aviptadil contain?,Does aviptadil have part(s) of vasoactive intestinal peptide?,Does aviptadil have part(s) of a selective serotonin reuptake inhibitor?,What is a common use of aviptadil in medical treatments?,What contains the vasoactive intestinal peptide as a part?,A. vasoactive intestinal peptide  B. Aviptadil has the part of a selective serotonin reuptake inhibitor (  C. dopamine receptor agonist  D. beta-adrenergic blocker,A,What is the function of the vasoactive intestinal peptide that aviptadil has part(s)?,It acts as a neurotransmitter and vasodilator.,"Which receptor does the neurotransmitter and vasodilator, vasoactive intestinal peptide that aviptadil has part(s), bind to?",VPAC1 and VPAC2 receptors,"In which tissues are the VPAC1 and VPAC2 receptors, that bind to the neurotransmitter and vasodilator, vasoactive intestinal peptide that aviptadil has part(s), predominantly found?","VPAC1 is found in the lung, liver, and intestines, while VPAC2 is found in the central nervous system and pancreas.","What is the primary function of the lung tissue where the VPAC1 receptor, that binds to the neurotransmitter and vasodilator, vasoactive intestinal peptide that aviptadil has part(s), is found?",The primary function of the lung tissue is gas exchange.,"Which gas is primarily exchanged in the lung tissue where the VPAC1 receptor, that binds to the neurotransmitter and vasodilator, vasoactive intestinal peptide that aviptadil has part(s), is found?",Oxygen
health_medication,calfactant,subject has role,pulmonary surfactant,What is the subject has role of calfactant?,Calfactant is responsible for the formation and maintenance of subcutaneous fat pads,0.0,"['pulmonary surfactant', 'Calfactant is responsible for the formation and maintenance of subcutaneous fat pads', 'respiratory enzyme', 'digestive aid']",What role does calfactant play?,Is the subject has role of calfactant pulmonary surfactant?,Is the subject has role of calfactant the formation and maintenance of subcutaneous fat pads?,What is a common use of calfactant in medical treatments?,What substance acts as a pulmonary surfactant?,A. pulmonary surfactant  B. digestive aid  C. Calfactant is responsible for the formation and maintenance of subcutaneous fat pads  D. respiratory enzyme,A,What is the primary function of the pulmonary surfactant that is the subject has role of calfactant?,Reduces surface tension in the lungs,Which cells produce the pulmonary surfactant that is the subject has role of calfactant and reduces surface tension in the lungs?,Type II alveolar cells,In which part of the respiratory system are the Type II alveolar cells located that produce the pulmonary surfactant that is the subject has role of calfactant and reduces surface tension in the lungs?,Alveoli,Which gas exchange process occurs in the alveoli where the Type II alveolar cells are located that produce the pulmonary surfactant that is the subject has role of calfactant and reduces surface tension in the lungs?,Oxygen and carbon dioxide exchange,Which circulatory system component is involved in the gas exchange process that occurs in the alveoli where the Type II alveolar cells are located that produce the pulmonary surfactant that is the subject has role of calfactant and reduces surface tension in the lungs?,Capillaries
health_medication,beractant,subject has role,pulmonary surfactant,What is the subject has role of beractant?,The subject has a role of reactant,0.0,"['pulmonary surfactant', 'The subject has a role of reactant', 'enzyme', 'hormone']",What role does beractant play?,Is the subject has role of beractant pulmonary surfactant?,Is the subject has role of beractant The subject has a role of reactant?,What is a common use of beractant in medical treatments?,What substance acts as a pulmonary surfactant?,A. hormone  B. enzyme  C. pulmonary surfactant  D. The subject has a role of reactant,C,"What is the primary function of the pulmonary surfactant, which is the subject has role of beractant?",To reduce surface tension in the lungs,"Which cells produce the pulmonary surfactant, which is the subject has role of beractant?",Type II alveolar cells,"In which part of the respiratory system are the Type II alveolar cells located that produce the pulmonary surfactant, which is the subject has role of beractant?",Alveoli,"Which organ contains the alveoli where the Type II alveolar cells are located that produce the pulmonary surfactant, which is the subject has role of beractant?",Lungs,"Which system of the body includes the lungs that contain the alveoli where the Type II alveolar cells are located that produce the pulmonary surfactant, which is the subject has role of beractant?",Respiratory system
health_medication,botulinum toxin Type B,subject has role,acetylcholine release inhibitors,What is the subject has role of botulinum toxin Type B?,Botulinum toxin Type B is responsible for muscle paralysis,0.0,"['acetylcholine release inhibitors', 'Botulinum toxin Type B is responsible for muscle paralysis', 'neurotoxin', 'muscle relaxant']",What role does botulinum toxin Type B play?,Is the role of botulinum toxin Type B acetylcholine release inhibitors?,Is the role of botulinum toxin Type B responsible for muscle paralysis?,What type of toxin is botulinum toxin Type B?,What substance acts as an acetylcholine release inhibitor?,A. acetylcholine release inhibitors  B. neurotoxin  C. muscle relaxant  D. Botulinum toxin Type B is responsible for muscle paralysis,A,What is the medical use of the acetylcholine release inhibitors that is the subject has role of botulinum toxin Type B?,Treatment of muscle spasticity,Which condition is treated by the medical use of the acetylcholine release inhibitors that is the subject has role of botulinum toxin Type B?,Cervical dystonia,Which muscle group is primarily affected by the condition treated by the medical use of the acetylcholine release inhibitors that is the subject has role of botulinum toxin Type B?,Neck muscles,Which nerve is involved in the muscle group primarily affected by the condition treated by the medical use of the acetylcholine release inhibitors that is the subject has role of botulinum toxin Type B?,Accessory nerve,Which cranial nerve number corresponds to the nerve involved in the muscle group primarily affected by the condition treated by the medical use of the acetylcholine release inhibitors that is the subject has role of botulinum toxin Type B?,Cranial nerve XI
health_medication,abacavir/dolutegravir/lamivudine,route of administration,oral administration,What is the route of administration of abacavir/dolutegravir/lamivudine?,Triple combination therapy,0.0,"['oral administration', 'Triple combination therapy', 'intravenous administration', 'topical application']",How is abacavir/dolutegravir/lamivudine administered?,Is the route of administration of abacavir/dolutegravir/lamivudine oral administration?,Is the route of administration of abacavir/dolutegravir/lamivudine Triple combination therapy?,What is a common use of abacavir/dolutegravir/lamivudine?,"What medication is administered orally and includes abacavir, dolutegravir, and lamivudine?",A. intravenous administration  B. topical application  C. oral administration  D. Triple combination therapy,C,What is the common side effect of the route of administration of abacavir/dolutegravir/lamivudine?,Nausea,What is the recommended action to alleviate the common side effect of the route of administration of abacavir/dolutegravir/lamivudine?,Taking the medication with food,What is the dietary recommendation to follow the recommended action to alleviate the common side effect of the route of administration of abacavir/dolutegravir/lamivudine?,A balanced meal,What is a common component of a balanced meal that follows the dietary recommendation to alleviate the common side effect of the route of administration of abacavir/dolutegravir/lamivudine?,Vegetables,What is a vitamin commonly found in the common component of a balanced meal that follows the dietary recommendation to alleviate the common side effect of the route of administration of abacavir/dolutegravir/lamivudine?,Vitamin A
health_medication,tranylcypromine,significant drug interaction,procarbazine,What is the significant drug interaction of tranylcypromine?,Cardiovascular effects,0.0,"['procarbazine', 'Cardiovascular effects', 'aspirin', 'ibuprofen']",Which drug has a significant interaction with tranylcypromine?,Is procarbazine a significant drug interaction of tranylcypromine?,Is Cardiovascular effects a significant drug interaction of tranylcypromine?,What is tranylcypromine commonly used to treat?,What drug has a significant interaction with procarbazine?,A. procarbazine  B. Cardiovascular effects  C. ibuprofen  D. aspirin,A,What is the primary use of the drug that has a significant interaction with tranylcypromine?,Cancer treatment,Which type of cancer is primarily treated by the drug that has a significant interaction with tranylcypromine?,Hodgkin's lymphoma,Who discovered the type of cancer that is primarily treated by the drug that has a significant interaction with tranylcypromine?,Thomas Hodgkin,In which year was the type of cancer discovered that is primarily treated by the drug that has a significant interaction with tranylcypromine?,1832,Which institution was Thomas Hodgkin associated with when he discovered the type of cancer that is primarily treated by the drug that has a significant interaction with tranylcypromine?,Guy's Hospital
health_medication,insulin,has part(s),insulin B chain,What does insulin have part(s )?,Insulin has part of regulating blood sugar levels,0.0,"['insulin B chain', 'Insulin has part of regulating blood sugar levels', 'insulin A chain', 'glucose']",What component does insulin have?,Does insulin have part(s) insulin B chain?,Does insulin have part(s) regulating blood sugar levels?,What hormone is responsible for regulating blood sugar levels?,What has part(s) insulin B chain?,A. insulin A chain  B. insulin B chain  C. glucose  D. Insulin has part of regulating blood sugar levels,B,Who discovered the part that insulin has?,Frederick Banting,Which university was the discoverer of the part that insulin has affiliated with?,University of Toronto,In which country is the university located where the discoverer of the part that insulin has was affiliated?,Canada,What is the capital city of the country where the university is located that the discoverer of the part that insulin has was affiliated?,Ottawa,Which river flows through the capital city of the country where the university is located that the discoverer of the part that insulin has was affiliated?,Ottawa River
health_medication,ibritumomab,subject has role,radiopharmaceutical,What is the subject has role of ibritumomab?,"Ibritumomab targets and depletes B cells, enhancing the efficacy of immune",0.0,"['radiopharmaceutical', 'Ibritumomab targets and depletes B cells, enhancing the efficacy of immune', 'chemotherapeutic agent', 'monoclonal antibody']",What role does ibritumomab have?,Is the subject has role of ibritumomab a radiopharmaceutical?,"Is the subject has role of ibritumomab that it targets and depletes B cells, enhancing the efficacy of immune?",What type of molecule is ibritumomab?,What is the role of a radiopharmaceutical in relation to ibritumomab?,"A. chemotherapeutic agent  B. Ibritumomab targets and depletes B cells, enhancing the efficacy of immune  C. radiopharmaceutical  D. monoclonal antibody",C,What is the primary use of the radiopharmaceutical that is the subject has role of ibritumomab?,Cancer treatment,Which type of cancer is primarily treated using the radiopharmaceutical that is the subject has role of ibritumomab?,Non-Hodgkin's lymphoma,What is the common symptom of the type of cancer that is primarily treated using the radiopharmaceutical that is the subject has role of ibritumomab?,Swollen lymph nodes,Which diagnostic test is commonly used to detect the common symptom of the type of cancer that is primarily treated using the radiopharmaceutical that is the subject has role of ibritumomab?,Lymph node biopsy,Which medical professional typically performs the diagnostic test that is commonly used to detect the common symptom of the type of cancer that is primarily treated using the radiopharmaceutical that is the subject has role of ibritumomab?,Pathologist
health_medication,onasemnogene abeparvovec,manufacturer,Novartis,What is the manufacturer of onasemnogene abeparvovec?,BioMarin,0.0,"['Novartis', 'BioMarin', 'Pfizer', 'Roche']",Who manufactures onasemnogene abeparvovec?,Is Novartis the manufacturer of onasemnogene abeparvovec?,Is BioMarin the manufacturer of onasemnogene abeparvovec?,What is the primary use of onasemnogene abeparvovec?,Which product is manufactured by Novartis?,A. Novartis  B. Roche  C. BioMarin  D. Pfizer,A,Who is the CEO of the manufacturer of onasemnogene abeparvovec?,Vasant Narasimhan,Which university did the CEO of the manufacturer of onasemnogene abeparvovec attend for their medical degree?,Harvard Medical School,In which city is the university located where the CEO of the manufacturer of onasemnogene abeparvovec attended for their medical degree?,Boston,In which state is the city located where the university is situated that the CEO of the manufacturer of onasemnogene abeparvovec attended for their medical degree?,Massachusetts,In which country is the state located where the city is situated that contains the university the CEO of the manufacturer of onasemnogene abeparvovec attended for their medical degree?,United States
health_medication,candicidin,produced by,Streptomyces griseus,What was candicidin produced by?,Candicidin is produced by bacteria,0.0,"['Streptomyces griseus', 'Candicidin is produced by bacteria', 'Penicillium notatum', 'Aspergillus niger']",Who is the producer of candicidin?,Was candicidin produced by Streptomyces griseus?,Was candicidin produced by bacteria?,What type of organism is Streptomyces griseus?,What does Streptomyces griseus produce?,A. Aspergillus niger  B. Streptomyces griseus  C. Penicillium notatum  D. Candicidin is produced by bacteria,B,What type of organism is Streptomyces griseus that produced candicidin?,Bacterium,What is the habitat of the bacterium Streptomyces griseus that produced candicidin?,Soil,What is the primary function of the habitat where the bacterium Streptomyces griseus that produced candicidin is found?,Decomposition of organic matter,What is a common byproduct of the decomposition of organic matter in the habitat where the bacterium Streptomyces griseus that produced candicidin is found?,Humus,What is the role of humus in the habitat where the bacterium Streptomyces griseus that produced candicidin is found?,Improving soil fertility
health_medication,phosphatidyl serine,has part(s),carbon,What does phosphatidyl serine have part(s )?,Phosphatidyl serine has a fatty acid moiety and serine group,0.0,"['carbon', 'Phosphatidyl serine has a fatty acid moiety and serine group', 'oxygen', 'hydrogen']",What components are found in phosphatidyl serine?,Does phosphatidyl serine have carbon as part(s)?,Does phosphatidyl serine have a fatty acid moiety and serine group as part(s)?,What is a common function of phosphatidyl serine in the human body?,What contains carbon as part(s)?,A. carbon  B. hydrogen  C. Phosphatidyl serine has a fatty acid moiety and serine group  D. oxygen,A,What is the atomic number of the element that phosphatidyl serine has part(s)?,6,What is the electron configuration of the element with the atomic number of the element that phosphatidyl serine has part(s)?,[He] 2s2 2p2,What is the standard state of the element with the electron configuration of the element with the atomic number of the element that phosphatidyl serine has part(s)?,Solid,What is the melting point of the element in the standard state with the electron configuration of the element with the atomic number of the element that phosphatidyl serine has part(s)?,3823 K,What is the boiling point of the element with the melting point in the standard state with the electron configuration of the element with the atomic number of the element that phosphatidyl serine has part(s)?,4098 K
health_medication,xenon-133,subject has role,radiopharmaceutical,What is the subject has role of xenon-133?,Xenon-133 is used as a tracer gas in medical imaging to,0.0,"['radiopharmaceutical', 'Xenon-133 is used as a tracer gas in medical imaging to', 'contrast agent', 'diagnostic tool']",What role does xenon-133 play?,Is the subject has role of xenon-133 radiopharmaceutical?,Is the subject has role of xenon-133 Xenon-133 is used as a tracer gas in medical imaging to?,What is a common use of xenon-133 in the medical field?,What is the subject of the role radiopharmaceutical?,A. Xenon-133 is used as a tracer gas in medical imaging to  B. radiopharmaceutical  C. diagnostic tool  D. contrast agent,B,What is the primary use of the radiopharmaceutical that is the subject has role of xenon-133?,Diagnostic imaging,Which organ is primarily targeted by the diagnostic imaging that uses the radiopharmaceutical that is the subject has role of xenon-133?,Lungs,What is a common medical condition diagnosed using the diagnostic imaging of the organ targeted by the radiopharmaceutical that is the subject has role of xenon-133?,Pulmonary embolism,What is a common symptom of the medical condition diagnosed using the diagnostic imaging of the organ targeted by the radiopharmaceutical that is the subject has role of xenon-133?,Shortness of breath,What is a common treatment for the symptom of the medical condition diagnosed using the diagnostic imaging of the organ targeted by the radiopharmaceutical that is the subject has role of xenon-133?,Anticoagulant medication
health_medication,chlorine,discoverer or inventor,Carl Wilhelm Scheele,Who is the discoverer or inventor of chlorine?,Chlorine was discovered by Henry Cavendish in 1774,0.0,"['Carl Wilhelm Scheele', 'Chlorine was discovered by Henry Cavendish in 1774', 'Joseph Priestley', 'Antoine Lavoisier']",Who discovered or invented chlorine?,Is Carl Wilhelm Scheele the discoverer or inventor of chlorine?,Is Chlorine was discovered by Henry Cavendish in 1774 the discoverer or inventor of chlorine?,What is a common use of chlorine in everyday life?,Who was discovered or invented by Carl Wilhelm Scheele?,A. Joseph Priestley  B. Carl Wilhelm Scheele  C. Antoine Lavoisier  D. Chlorine was discovered by Henry Cavendish in 1774,B,What is the nationality of the discoverer or inventor of chlorine?,Swedish,In which year was the discoverer or inventor of chlorine born?,1742,In which city was the discoverer or inventor of chlorine born?,Stralsund,Which country was the city located in where the discoverer or inventor of chlorine was born?,Sweden,What is the current country of the city where the discoverer or inventor of chlorine was born?,Germany
health_medication,calcium,discoverer or inventor,Humphry Davy,Who is the discoverer or inventor of calcium?,Calcium was discovered by Julius Lothar Meyer in 1846,0.0,"['Humphry Davy', 'Calcium was discovered by Julius Lothar Meyer in 1846', 'Marie Curie', 'Dmitri Mendeleev']",Who discovered or invented calcium?,Is Humphry Davy the discoverer or inventor of calcium?,Is Calcium was discovered by Julius Lothar Meyer in 1846 the discoverer or inventor of calcium?,What is a common use of calcium in the human body?,Who was discovered or invented by Humphry Davy?,A. Dmitri Mendeleev  B. Marie Curie  C. Humphry Davy  D. Calcium was discovered by Julius Lothar Meyer in 1846,C,What is the nationality of the discoverer or inventor of calcium?,British,In which year was the discoverer or inventor of calcium born?,1778,What is the name of the city where the discoverer or inventor of calcium was born?,Penzance,In which country is the city located where the discoverer or inventor of calcium was born?,United Kingdom,What is the name of the region in the country where the city is located that is the birthplace of the discoverer or inventor of calcium?,Cornwall
health_medication,calcium,named after,lime,What was calcium named after?,"Calcium was named after the Latin word ""calceum,"" meaning ""foot.""",0.0,"['lime', 'Calcium was named after the Latin word ""calceum,"" meaning ""foot.""', 'chalk', 'limestone']",Calcium was named after what?,Was calcium named after lime?,"Was calcium named after the Latin word 'calceum,' meaning 'foot'?",What is a common use of calcium in the human body?,What was lime used to name?,"A. lime  B. limestone  C. chalk  D. Calcium was named after the Latin word ""calceum,"" meaning ""foot.""",A,What is the chemical formula of the substance that calcium was named after?,CaO,"What is the common name of the chemical with the formula CaO, which is the substance that calcium was named after?",Quicklime,"What is the primary use of the chemical known as quicklime, which is the common name of the substance that calcium was named after?",Cement production,"Which industry primarily uses the chemical known as quicklime for cement production, which is the primary use of the substance that calcium was named after?",Construction industry,"What is a major material produced by the construction industry that uses quicklime, which is the primary use of the substance that calcium was named after?",Concrete
health_medication,calcium,subject has role,essential medicine,What is the subject has role of calcium?,"Calcium plays a crucial role in bone and teeth formation, muscle contraction, and nerve",0.0,"['essential medicine', 'Calcium plays a crucial role in bone and teeth formation, muscle contraction, and nerve', 'dietary supplement', 'mineral']",What role does calcium play?,Is the role of calcium essential medicine?,"Is the role of calcium to play a crucial role in bone and teeth formation, muscle contraction, and nerve?",What is a common dietary source of calcium?,What is the role of essential medicine in relation to calcium?,"A. Calcium plays a crucial role in bone and teeth formation, muscle contraction, and nerve  B. mineral  C. dietary supplement  D. essential medicine",D,What is a common use of the essential medicine that is the subject has role of calcium?,Treatment of osteoporosis,Which demographic is most commonly treated for osteoporosis with the essential medicine that is the subject has role of calcium?,Postmenopausal women,What is a common symptom in postmenopausal women who are treated for osteoporosis with the essential medicine that is the subject has role of calcium?,Bone fractures,What is a common diagnostic test used to detect bone fractures in postmenopausal women who are treated for osteoporosis with the essential medicine that is the subject has role of calcium?,Bone density scan,Which technology is commonly used to perform a bone density scan to detect bone fractures in postmenopausal women who are treated for osteoporosis with the essential medicine that is the subject has role of calcium?,Dual-energy X-ray absorptiometry (DEXA)
health_medication,chlorine,named after,green,What was chlorine named after?,"Chlorine was named after the Greek god of lightning, Hermes",0.0,"['green', 'Chlorine was named after the Greek god of lightning, Hermes', 'water', 'salt']",What is the origin of the name of chlorine?,Was chlorine named after green?,"Was chlorine named after the Greek god of lightning, Hermes?",What is a common use of chlorine in water treatment?,What element was named after green?,"A. salt  B. green  C. water  D. Chlorine was named after the Greek god of lightning, Hermes",B,What is the chemical symbol of the element that chlorine was named after?,Cl,What is the atomic number of the element with the chemical symbol Cl that chlorine was named after?,17,What is the electron configuration of the element with the atomic number 17 that has the chemical symbol Cl and that chlorine was named after?,[Ne] 3s2 3p5,What is the standard state of the element with the electron configuration [Ne] 3s2 3p5 that has the atomic number 17 and the chemical symbol Cl that chlorine was named after?,Gas,What is the melting point in Celsius of the element in the standard state of gas with the electron configuration [Ne] 3s2 3p5 that has the atomic number 17 and the chemical symbol Cl that chlorine was named after?,-101.5°C
health_medication,Hepatitis B vaccine,discoverer or inventor,Baruch Samuel Blumberg,Who is the discoverer or inventor of Hepatitis B vaccine?,The Hepatitis B vaccine was developed by researchers at the Centers for Disease Control and Prevention,0.0,"['Baruch Samuel Blumberg', 'The Hepatitis B vaccine was developed by researchers at the Centers for Disease Control and Prevention', 'Jonas Salk', 'Albert Sabin']",Who invented the Hepatitis B vaccine?,Is Baruch Samuel Blumberg the discoverer or inventor of the Hepatitis B vaccine?,Is the Hepatitis B vaccine developed by researchers at the Centers for Disease Control and Prevention?,What is a well-known achievement of Baruch Samuel Blumberg?,Who was discovered or invented by Baruch Samuel Blumberg?,A. Albert Sabin  B. Jonas Salk  C. The Hepatitis B vaccine was developed by researchers at the Centers for Disease Control and Prevention  D. Baruch Samuel Blumberg,D,What is the nationality of the discoverer or inventor of Hepatitis B vaccine?,American,Which university did the American discoverer or inventor of Hepatitis B vaccine attend for their undergraduate studies?,Union College,In which city is the university that the American discoverer or inventor of Hepatitis B vaccine attended located?,Schenectady,In which state is the city located where the university that the American discoverer or inventor of Hepatitis B vaccine attended is situated?,New York,In which country is the state located where the city is situated that contains the university the American discoverer or inventor of Hepatitis B vaccine attended?,United States
health_medication,digestive enzyme,molecular function,catalysis,What is the molecular function of digestive enzyme?,"The molecular function of digestive enzymes is to break down complex food molecules into smaller,",0.0,"['catalysis', 'The molecular function of digestive enzymes is to break down complex food molecules into smaller,', 'digestion', 'absorption']",What role does a digestive enzyme play at the molecular level?,Is the molecular function of digestive enzyme catalysis?,Is the molecular function of digestive enzyme to break down complex food molecules into smaller?,What type of biological molecule is a digestive enzyme?,What is catalysis a molecular function of?,"A. The molecular function of digestive enzymes is to break down complex food molecules into smaller,  B. catalysis  C. absorption  D. digestion",B,What is the substrate involved in the molecular function of digestive enzyme?,food molecules,What is the product formed from the substrate involved in the molecular function of digestive enzyme?,simpler molecules,Which organ produces the product formed from the substrate involved in the molecular function of digestive enzyme?,small intestine,Which system is the organ part of that produces the product formed from the substrate involved in the molecular function of digestive enzyme?,digestive system,"Which other organ, apart from the small intestine, is part of the system that produces the product formed from the substrate involved in the molecular function of digestive enzyme?",stomach
health_medication,digestive enzyme,subject has role,digestion,What is the subject has role of digestive enzyme?,The subject has a role in digestive enzyme production and secretion,0.0,"['digestion', 'The subject has a role in digestive enzyme production and secretion', 'metabolism', 'absorption']",What role does a digestive enzyme play?,Does a digestive enzyme have a role in digestion?,Does a digestive enzyme have a role in digestive enzyme production and secretion?,What is a common function of digestive enzymes in the human body?,What has a role in digestion?,A. digestion  B. metabolism  C. absorption  D. The subject has a role in digestive enzyme production and secretion,A,What is the primary organ involved in the subject has role of digestive enzyme?,stomach,What is the primary function of the primary organ involved in the subject has role of digestive enzyme?,breaking down food,What is the main acid produced by the primary organ involved in the subject has role of digestive enzyme?,hydrochloric acid,Which cells in the primary organ involved in the subject has role of digestive enzyme produce the main acid?,parietal cells,What is the function of the cells that produce the main acid in the primary organ involved in the subject has role of digestive enzyme?,secreting hydrochloric acid
health_medication,hand sanitizer,has part(s),ethanol,What does hand sanitizer have part(s )?,Hand sanitizer contains alcohol or other ingredients that kill or inhibit the growth of bacteria and,0.0,"['ethanol', 'Hand sanitizer contains alcohol or other ingredients that kill or inhibit the growth of bacteria and', 'water', 'glycerin']",What component is found in hand sanitizer?,Does hand sanitizer have ethanol as a part?,Does hand sanitizer have Hand sanitizer contains alcohol or other ingredients that kill or inhibit the growth of bacteria and as a part?,What is a common use of hand sanitizer?,What has ethanol as a part?,A. water  B. glycerin  C. ethanol  D. Hand sanitizer contains alcohol or other ingredients that kill or inhibit the growth of bacteria and,C,What is the chemical formula of the ethanol that hand sanitizer has part(s)?,C2H5OH,What is the boiling point of the chemical with the formula C2H5OH that is a part of hand sanitizer?,78.37°C,What is the molecular weight of the chemical with the boiling point of 78.37°C that is a part of hand sanitizer?,46.07 g/mol,What is the density of the chemical with the molecular weight of 46.07 g/mol that is a part of hand sanitizer?,0.789 g/cm³,What is the flash point of the chemical with the density of 0.789 g/cm³ that is a part of hand sanitizer?,13°C
health_medication,peritoneal dialysis,health specialty,nephrology,What is the health specialty of peritoneal dialysis?,Peritoneal dialysis,0.0,"['nephrology', 'Peritoneal dialysis', 'cardiology', 'gastroenterology']",Which medical specialty is associated with peritoneal dialysis?,Is nephrology the health specialty of peritoneal dialysis?,Is Peritoneal dialysis the health specialty of peritoneal dialysis?,What type of treatment is peritoneal dialysis used for?,What medical procedure is associated with nephrology?,A. Peritoneal dialysis  B. cardiology  C. nephrology  D. gastroenterology,C,Who is a notable nephrologist in the health specialty of peritoneal dialysis?,Richard J. Glassock,Which university did the notable nephrologist in the health specialty of peritoneal dialysis attend?,University of Pennsylvania,In which city is the university located that the notable nephrologist in the health specialty of peritoneal dialysis attended?,Philadelphia,In which state is the city located where the university that the notable nephrologist in the health specialty of peritoneal dialysis attended is situated?,Pennsylvania,In which country is the state located where the city is situated that contains the university the notable nephrologist in the health specialty of peritoneal dialysis attended?,United States
health_medication,polio vaccine,location of creation,University of Pittsburgh,What is the location of creation of polio vaccine?,The polio vaccine was developed in the United States,0.0,"['University of Pittsburgh', 'The polio vaccine was developed in the United States', 'Harvard University', 'Johns Hopkins University']",Where was the polio vaccine created?,Was the polio vaccine created at the University of Pittsburgh?,Was the polio vaccine created in the United States?,Who developed the polio vaccine?,What was created at the University of Pittsburgh?,A. University of Pittsburgh  B. The polio vaccine was developed in the United States  C. Harvard University  D. Johns Hopkins University,A,Who was the lead researcher at the location of creation of polio vaccine?,Jonas Salk,What year did the lead researcher at the location of creation of polio vaccine develop the vaccine?,1955,Which organization funded the research led by the lead researcher at the location of creation of polio vaccine?,National Foundation for Infantile Paralysis,Who was the president of the organization that funded the research led by the lead researcher at the location of creation of polio vaccine?,Basil O'Connor,What was the primary mission of the organization whose president funded the research led by the lead researcher at the location of creation of polio vaccine?,To eradicate polio
health_medication,oxygen therapy,uses,dioxygen,What does oxygen therapy use?,Oxygen therapy uses to increase oxygen levels in the blood,0.0,"['dioxygen', 'Oxygen therapy uses to increase oxygen levels in the blood', 'carbon dioxide', 'nitrogen']",What is used in oxygen therapy?,Does oxygen therapy use dioxygen?,Does oxygen therapy use to increase oxygen levels in the blood?,What is a common purpose of oxygen therapy?,What uses dioxygen in medical treatments?,A. Oxygen therapy uses to increase oxygen levels in the blood  B. nitrogen  C. carbon dioxide  D. dioxygen,D,What is the primary function of dioxygen used in oxygen therapy?,To support cellular respiration,Which organ system benefits directly from the primary function of dioxygen used in oxygen therapy?,Respiratory system,What is a common disease that affects the organ system benefiting directly from the primary function of dioxygen used in oxygen therapy?,Chronic obstructive pulmonary disease (COPD),What is a common treatment for the disease that affects the organ system benefiting directly from the primary function of dioxygen used in oxygen therapy?,Bronchodilators,What is a common side effect of the treatment for the disease that affects the organ system benefiting directly from the primary function of dioxygen used in oxygen therapy?,Increased heart rate
health_medication,varicella vaccine,developer,Michiaki Takahashi,Who is the developer of varicella vaccine?,The developer of the varicella vaccine is Merck & Co,0.0,"['Michiaki Takahashi', 'The developer of the varicella vaccine is Merck & Co', 'Albert Sabin', 'Jonas Salk']",Who developed the varicella vaccine?,Is Michiaki Takahashi the developer of the varicella vaccine?,Is the developer of the varicella vaccine Merck & Co?,What disease does the varicella vaccine protect against?,Who was developed by Michiaki Takahashi?,A. Jonas Salk  B. Albert Sabin  C. Michiaki Takahashi  D. The developer of the varicella vaccine is Merck & Co,C,What is the nationality of the developer of the varicella vaccine?,Japanese,What is the capital city of the country of the nationality of the developer of the varicella vaccine?,Tokyo,What is the population of the capital city of the country of the nationality of the developer of the varicella vaccine?,Approximately 14 million,What is the name of the largest district in the capital city of the country of the nationality of the developer of the varicella vaccine?,Shinjuku,What is the name of the famous park located in the largest district in the capital city of the country of the nationality of the developer of the varicella vaccine?,Shinjuku Gyoen
health_medication,hepatitis A vaccine,brand,Twinrix,What is the brand of hepatitis A vaccine?,The brand of hepatitis A vaccine is Hepatitis A vaccine (HAV),0.0,"['Twinrix', 'The brand of hepatitis A vaccine is Hepatitis A vaccine (HAV)', 'Havrix', 'Vaqta']",Which brand is associated with the hepatitis A vaccine?,Is the brand of hepatitis A vaccine Twinrix?,Is the brand of hepatitis A vaccine Hepatitis A vaccine (HAV)?,What is a common side effect of the hepatitis A vaccine?,Which vaccine is branded as Twinrix?,A. Vaqta  B. Havrix  C. The brand of hepatitis A vaccine is Hepatitis A vaccine (HAV)  D. Twinrix,D,Who is the manufacturer of the brand of hepatitis A vaccine?,GlaxoSmithKline,In which country is the manufacturer of the brand of hepatitis A vaccine headquartered?,United Kingdom,In which city is the headquarters of the manufacturer of the brand of hepatitis A vaccine located?,Brentford,Which river flows through the city where the headquarters of the manufacturer of the brand of hepatitis A vaccine is located?,River Thames,What is the length of the river that flows through the city where the headquarters of the manufacturer of the brand of hepatitis A vaccine is located?,215 miles
health_medication,copper IUD,subject has role,essential medicine,What is the subject has role of copper IUD?,Copper IUD regulates menstrual bleeding by preventing ovulation,0.0,"['essential medicine', 'Copper IUD regulates menstrual bleeding by preventing ovulation', 'contraceptive device', 'medical device']",What role does the copper IUD have?,Is the role of the copper IUD essential medicine?,Is the role of the copper IUD to regulate menstrual bleeding by preventing ovulation?,What is a common use of copper IUDs?,What has the role of essential medicine?,A. Copper IUD regulates menstrual bleeding by preventing ovulation  B. essential medicine  C. medical device  D. contraceptive device,B,What is the organization that lists the copper IUD as an essential medicine?,World Health Organization,In which year did the organization that lists the copper IUD as an essential medicine first publish its Model List of Essential Medicines?,1977,Who was the Director-General of the organization that lists the copper IUD as an essential medicine in the year it first published its Model List of Essential Medicines?,Halfdan T. Mahler,Which country is the Director-General from who led the organization that lists the copper IUD as an essential medicine in the year it first published its Model List of Essential Medicines?,Denmark,What is the capital city of the country where the Director-General is from who led the organization that lists the copper IUD as an essential medicine in the year it first published its Model List of Essential Medicines?,Copenhagen
